msd_id,category
TRTDEZB128F427018C,jazz
TRGQJBU128F92D02FA,jazz
TRCTQHK128F9340500,jazz
TRSPFVL128F9341F10,jazz
TRYIQAU128F92E1675,jazz
TRPGQAB128F9328C57,jazz
TRDVUUV128F4272B2E,jazz
TRGCOPY128F93165F0,jazz
TRSDDGM128F14A421D,jazz
TRHDUYW128F426FB7B,jazz
TRUBKGS128E0784F25,jazz
TRROGOB12903D0824D,jazz
TRXYWGQ12903CB364E,jazz
TRZSJOT128F92FBDD9,jazz
TRAZUFU128F42AF80E,jazz
TRUYKVM128F14A4345,jazz
TRPIZVA128F93397EC,jazz
TREULAR128F147FC87,jazz
TRDRFEV128F429E604,jazz
TRCZWYA128F427497D,jazz
TRYNZAL128F1464B5A,jazz
TRXBHSM128F934F9E8,jazz
TRFLOEW128F146B5E8,jazz
TRASZQH128F92F18CF,jazz
TRTNFQM128F933E273,jazz
TROOHYP128F4263C1E,jazz
TRUCLRD128F1486639,jazz
TRFDPCR128F422B88F,jazz
TRYSOFA128F1461DCF,jazz
TRTYJKM128F42644E8,jazz
TRYUYMT128F4284455,jazz
TRHRCON128F92EEA99,jazz
TROGUOH128F9337BE4,jazz
TREEROD128F93124FE,jazz
TRBSSGD128F92DF263,jazz
TRFXQCT128EF35A24A,jazz
TRNZCKD128EF34942B,jazz
TRDBBMB128F427C53B,jazz
TRPUSPT128F934001D,jazz
TRRMLFR128F14940D9,jazz
TRJIXYB128F92E1FA8,jazz
TRXSTAI128F14610C9,jazz
TRGVKMM128F428CEBC,jazz
TRLJHQY128F148C1E0,jazz
TRAYOPU128F1464B52,jazz
TRFPUUK128F42851B6,jazz
TRANJGV128F930818A,jazz
TRLTHYD128F933718B,jazz
TRKOOHJ128F14912BE,jazz
TRVBPNC12903CE1EA0,jazz
TRSVVUR128F4293036,jazz
TRPFTWB128E078B974,jazz
TRGWHNY12903CF5E59,jazz
TRDENKU128F427AE7F,jazz
TRGIWDG128F93608F6,jazz
TROSBWJ128F92E2219,jazz
TRWWBRL128F427BE21,jazz
TRGFUVB128F42374E1,jazz
TRJBNZY128EF35A247,jazz
TRMQKGK128F931A0DA,jazz
TRGJUQY12903CF4754,jazz
TRQJTMZ128F9342CD2,jazz
TRPSETD128F428CD89,jazz
TRGPIUG128F4286E4B,jazz
TRDATLA12903CE0DB6,jazz
TRLJEGO128F145A496,jazz
TRKWAOQ128F423CCF6,jazz
TRFMXOZ128F9311DAC,jazz
TREXPXD128E078D2EC,jazz
TRPVRFI128F4249877,jazz
TRQZNNK128F427C211,jazz
TRKRZKC12903CE4EEC,jazz
TRKGLCB128F4275166,jazz
TRBMKVH128F9304409,jazz
TRCBSYU128F4228E08,jazz
TRPRUYX128E0781234,jazz
TRVBKEJ128F1461DD3,jazz
TRODOHP128F42944F1,jazz
TRJETZO128F9310BD0,jazz
TRBLBUL128F932277E,jazz
TRWCYWX12903CE0468,jazz
TRWIVZO128F9342C76,jazz
TRHEXYE128F427BD29,jazz
TRRJPCL128F9322896,jazz
TRFCNIJ128F423F32E,jazz
TRMUDCR12903CA7ADF,jazz
TRAFGCY128F92E5F6C,jazz
TRVGYQD128F42B3268,jazz
TROLSET128F42677FC,jazz
TRCIERX128EF357CB2,jazz
TRFWCES128F92C9AAC,jazz
TRWPACR12903CE2A78,jazz
TRBXSAU128F92F18C0,jazz
TRHXWCM128F92E4793,jazz
TRONSRD128F145E0CF,jazz
TRMXMAD128F92FDE6C,jazz
TRNRZMN128F4286BFF,jazz
TRUYEOZ128F9324E85,jazz
TROMXXS128F9310F97,jazz
TRATYUK128F932A6F7,jazz
TRMRHAD12903CC0130,jazz
TRGIHPP128F4234F1E,jazz
TRQWNMO12903CC519B,jazz
TRIAZSC128F423CCF1,jazz
TRZHWKE128F92E27B1,jazz
TRHCQEL12903CE2B37,jazz
TRYRBBF12903CACDBB,jazz
TRDGQIJ128F42BBA84,jazz
TRRXGIK128F92D5C3B,jazz
TRWYTIP128F42B3265,jazz
TRZJGQM128F92DE829,jazz
TRPEPEX12903CE0ABD,jazz
TRBXHLR128F92F7399,jazz
TRAEIVO128F931212E,jazz
TRKQFMW128F149DBEF,jazz
TRFWOJS128F9314A59,jazz
TRQXDAN12903CE2A7B,jazz
TRGTRCG128F148C4BF,jazz
TRKYDHD128F92DE1F5,jazz
TRSTYAE12903CDBAC0,jazz
TRJHCLS128F92F88A5,jazz
TRBGRIP128F147FCA6,jazz
TROHVQM128F93370FA,jazz
TRTKZES128F92E2A49,jazz
TRIWIGA128F146EEF4,jazz
TRBPBCU128F92D19FD,jazz
TRESLMZ12903CE9AD8,jazz
TRYZSVR128E0792F63,jazz
TRNCQBH128F92EBEDB,jazz
TRMXKVJ128F1484E1B,jazz
TRWHNRI128F92D5D33,jazz
TRKSDEO12903CAB52C,jazz
TRECOLA128F4267223,jazz
TRSLLTT128F426BF51,jazz
TRFETHE128F4263D60,jazz
TRRJLZB128F4294061,jazz
TRAKPND128F42389EA,jazz
TRGCDOB128F9312521,jazz
TRZZQAB128F423CCF4,jazz
TRREYAY128F145A945,jazz
TRQWWAA12903CE4EE6,jazz
TRLBTVU12903CB8D73,jazz
TRKPGKP128F426E3A5,jazz
TRUGXWL128F92E226E,jazz
TRHIVMU128F9327D14,jazz
TRWLOWY128E078B973,jazz
TRRGBTU128E078B046,jazz
TRSGEQI12903CB23EA,jazz
TRTMCQM128F93015FD,jazz
TRTCYQG128F92C22BE,jazz
TRCQYQH128F42ADD8B,jazz
TRASAGB128F4258FEA,jazz
TRTCPHC128F42938F2,jazz
TRELSQH12903CCC590,jazz
TRVJIWW12903CB1233,jazz
TRFHYOH128F9358CEF,jazz
TRSIORG128F4273645,jazz
TRWNPHK128F930C978,jazz
TRMDVIR128F1490C76,jazz
TRIHKSB128F427A327,jazz
TRHDFFK128F9322899,jazz
TRQZHAY128F424E1C4,jazz
TRSSKNC128F1474559,jazz
TRVXJBQ128F4266040,jazz
TRPCWDS128F42885DD,jazz
TROCLAV128E0785A42,jazz
TRHJLPW128F9305281,jazz
TRCMQTB128F422B69B,jazz
TRGQAZT128F149C67E,jazz
TRQBEFV12903CE63BC,jazz
TRSXIGQ12903CE4EEA,jazz
TRMTOHX128F147FC83,jazz
TRDIZQU128F93353DF,jazz
TRSMXYU128F426003E,jazz
TRIWQOG128F428BB93,jazz
TRIOLVM128F4260E2F,jazz
TREIELE128F4227E34,jazz
TRIRJYZ128E0783D46,jazz
TRMLEHW128F4269ADB,jazz
TRZTKUD128F933A36E,jazz
TRBUCIY128F422B984,jazz
TRNXHYS128F42921C4,jazz
TRBBMKU128E079959C,jazz
TRTLPUY128E078A5A7,jazz
TRPEOEU128F931DE86,jazz
TRMFBUY12903CCE712,jazz
TRNSWXZ128F9306166,jazz
TRSQJCX128F92EB51C,jazz
TRJSRUH128F92E5A6F,jazz
TRAGOEW128F427A209,jazz
TRQAGLN12903CA6060,jazz
TRNOUQI128F92E226F,jazz
TRKXFWL128E07811BF,jazz
TRMZUJS128F42957DC,jazz
TRKRQKX128F92E956E,jazz
TRLQVSN128E078F99D,jazz
TRJSLBE128F92C1DBF,jazz
TREATUG12903CD9665,jazz
TRLGPTD12903CAB043,jazz
TRFRQSR128F1473907,jazz
TRZINCP128F4233625,jazz
TRGCBWB128F4295813,jazz
TRRHZML128F92FDE10,jazz
TRLQMGB12903CE3133,jazz
TRSJBRV128F92E2753,jazz
TRCOUVW128F42851B1,jazz
TRWVLJJ128F1493BB3,jazz
TRBUKHR128F428EA68,jazz
TRYAEJB12903CB1293,jazz
TRRIIEN128F92E0443,jazz
TRXBKFN128E078B97B,jazz
TRAOWVD128F930C0D1,jazz
TRGTEGE128F934A3F9,jazz
TRROAAO128F1493BC8,jazz
TRCZGZW128F92E278F,jazz
TRGSCEC128F93368E9,jazz
TREQYMW128F4270A19,jazz
TRVJBZN128F92EEECC,jazz
TRFVVUV128F426EB24,jazz
TRDZYQP128F425985D,jazz
TRHCJMM128F933BEED,jazz
TRBSAAI12903C9EC72,jazz
TRELMLM128F42AA6A8,jazz
TRBBLQK128F92E1FA6,jazz
TRAXMLO128F933BC5E,jazz
TRNUKIP128F14805AE,jazz
TRRAOWC128F14805AB,jazz
TRPIMJH128F42B8878,jazz
TRTFQRR128F146844C,jazz
TRZDOLP128F92C2E51,jazz
TRZVKDR128E078868B,jazz
TRFVOYK128F428BB77,jazz
TRCHPTB12903CECB9A,jazz
TRGSVLV128F1493329,jazz
TRTPFSS128F4263172,jazz
TRDLGFZ128E078B98A,jazz
TRWRWED12903CB23E1,jazz
TRJSBNB128F4261DB3,jazz
TRDXTAB128F933593F,jazz
TRYIFWK128E078B971,jazz
TRCGPNR128F425B034,jazz
TRVYISV128F4260A67,jazz
TRFTNPE128E078868D,jazz
TRUHXBF128F4263C19,jazz
TRRLZDT128F149DB42,jazz
TRUAUMO128F92F66BC,jazz
TRNBTVO128F426F4B7,jazz
TRQFHSL128F4278727,jazz
TRAJTZA128F92EDC0A,jazz
TRJQDCD128F4284EBC,jazz
TRNMOVT128EF3405B6,jazz
TRCFWIL128F92EDBEB,jazz
TRSPYUI128F4285A7A,jazz
TRTOAUE128F42851B3,jazz
TRAJIEU128F429B613,jazz
TRKKQYD128F428AF77,jazz
TRAXHUX128F42A5DE3,jazz
TRNHGZJ128F42799B8,jazz
TRPMNAX128F149DAD7,jazz
TRYELNZ128F92D0221,jazz
TRAUYAB128F4282D05,jazz
TRTOUJZ128F147FCB8,jazz
TRLOHNY128F4292262,jazz
TRMAAFB128F42282FD,jazz
TRBQRTN128E078E78E,jazz
TRAPEOD128F93354C8,jazz
TRSSMBI128F9342CDA,jazz
TRAJQXU12903CBA457,jazz
TRNSJPM12903CE48E9,jazz
TRDXVMS128F4263EE0,jazz
TRAARCW12903CEB779,jazz
TRWVNNK128F1477770,jazz
TRWOLNW128EF350D01,jazz
TRDCREK128F425985C,jazz
TRKWKAG128F14994DA,jazz
TRAWDRR128F4285F57,jazz
TRKMBHB128F14624A9,jazz
TRNPIWH128F424EC0E,jazz
TRXBADZ128F92D1A03,jazz
TRAYDNG128F4272151,jazz
TRRDOOU128F1494C1E,jazz
TRLEHCG128E0781609,jazz
TRTMWRR128F92E0442,jazz
TRGUKUJ128F42938FD,jazz
TRNTQVV128F428A860,jazz
TRASOWG128F4255313,jazz
TRGWMVG128F92EF2EA,jazz
TRUFLSI128F92D02DE,jazz
TRVVFKZ128F4231308,jazz
TRCBHLT128F147FCB1,jazz
TRBTDTR128E0784F27,jazz
TRLBPLO128E078987F,jazz
TRQYMWE128F931251C,jazz
TRYJVBN128E0781232,jazz
TRBSSFA12903CAE750,jazz
TRIEFKM128F14738F4,jazz
TRULXPW128F148C189,jazz
TRVLUOD128F145B020,jazz
TRMOAOJ128F92DF888,jazz
TRUCZPG128F92F0685,jazz
TRFAWZO128F931618A,jazz
TRQSUGF128F147751A,jazz
TRPXJGK128F14805AA,jazz
TRJIIXA128F1490FD8,jazz
TRIPTFH128F4266E41,jazz
TRZAVQU128F4269A01,jazz
TREGIRE128F42A8453,jazz
TRQQTKT128F426E347,jazz
TRMRQXB12903CE2A76,jazz
TRJKGPV12903CB129F,jazz
TRRKJXU128F42679D8,jazz
TRUNLHT128F1470AF0,jazz
TRENDUC12903CE76D9,jazz
TRYEDNN128F931253A,jazz
TRDQDOY128F147FC9E,jazz
TRANMKF128E07995A8,jazz
TRWVCNR128F4287F6B,jazz
TRDXXSM128E0792206,jazz
TRNYXRP128F9312536,jazz
TRUQCIW128F92D1ACE,jazz
TRWOJKE128F148059F,jazz
TRRJWFZ128F931A0D4,jazz
TRVKVNV128F147FCBC,jazz
TRDUEYE128F4263173,jazz
TRMQHRC128F4275FF8,jazz
TRQFDYM128F146B5E0,jazz
TRMLAON128F4266E6B,jazz
TRHGWHM128F422B6B3,jazz
TREJSPG128F92E220A,jazz
TRYQAPI128F428AE75,jazz
TRHYGVQ12903D046A9,jazz
TRANSKF128F147FCB4,jazz
TREWPTU128F4233620,jazz
TRFWBYY128F4292216,jazz
TRMTRVO128F4285EDD,jazz
TRSCLKT128F92E1FA3,jazz
TRFVMKU128F92E27EA,jazz
TRAUSOM128F9337BC3,jazz
TREOUME128F92DBE0F,jazz
TRLQLLH128F1496080,jazz
TRTBXAG128F1484C94,jazz
TRLEPFM128F147FCB0,jazz
TRJIEGX128F931618C,jazz
TRFTBPJ128E078F989,jazz
TRGUNAA128F4271EDD,jazz
TRDDJAH128F930C4DB,jazz
TRJLPOH128F425A072,jazz
TRTTJGP128F427C20D,jazz
TRKXTKO128F932DEF6,jazz
TREPBHT128F14805AD,jazz
TRLHEIJ128F1490FD6,jazz
TRCBIIS128F147FCB6,jazz
TRXVWNK128F92E276E,jazz
TRQPUAB128F42389E9,jazz
TRJENKO128F427BEB5,jazz
TRPMKVC128F423F328,jazz
TRHNOUJ128F4294946,jazz
TRRMPQT128F14A4547,jazz
TRHPSGA128F92E732F,jazz
TRSVBPR128F92FDD3E,jazz
TRKAEAD128F42647AB,jazz
TRXXPYK128F14805B7,jazz
TRTMCKN128E0793141,jazz
TRDVASI128F42BA077,jazz
TRUTNGF12903CE248C,jazz
TRJJWIO128F424D61E,jazz
TRPPZXC12903D067C9,jazz
TRIXAED12903CF1FA7,jazz
TRHLVPX128F14738F8,jazz
TRZBDHW128F14805B0,jazz
TRFXKHS128F4287E4D,jazz
TRQPVCL128F92E9507,jazz
TRDOKLE12903CCE755,jazz
TRKDTLV128F4266ED0,jazz
TRCMPRN128F92E1FAD,jazz
TRSLAOT128F92C2E46,jazz
TROXMVV128F92E47A0,jazz
TRMQAOF128F4275EFA,jazz
TROTQMA128F42389EC,jazz
TRZAKBW128F42AF727,jazz
TRKOBCF12903CD0A6C,jazz
TRENTOK128F42885CD,jazz
TRTUVPT128F429FD9D,jazz
TRJJHUN128F14805B5,jazz
TRUHBVV128EF34DCD8,jazz
TRYUXQW128E078B982,jazz
TRELUYR128F4286D92,jazz
TRGPTPB128F92F64D7,jazz
TRZPNME12903CF6BA4,jazz
TRGOGLJ128F92F8E6C,jazz
TRWCIAX128F42925BD,jazz
TRHXNCS128C719654F,jazz
TRYVCYU128F4266DA5,jazz
TRVEKBA128F9305BC6,jazz
TRKKJQV128F428B25B,jazz
TRIAJRU12903D067C0,jazz
TRKWLUC12903CDF4AD,jazz
TRCKSZR128F4260A6A,jazz
TRAMNNN128F42BBA86,jazz
TRJOJIX128F148B5F0,jazz
TREOIAV128F93358DA,jazz
TRCSDPD128F42AD897,jazz
TRXQDIQ128E078868E,jazz
TRQRCBM128F14640C5,jazz
TRGWUEG128F4270721,jazz
TREWXZY128F14805AF,jazz
TRFEIGK128F4265198,jazz
TRNRMXA128F42598AC,jazz
TRBDIMI128F4227E39,jazz
TRESEOV128F427A061,jazz
TRVACNV12903CE1E9A,jazz
TRPPHPQ128F4258FFC,jazz
TRJBITT128F426403C,jazz
TRBBYDT128F14805B4,jazz
TRIULLW128F429193E,jazz
TRAONMM128F92DF7B0,jazz
TRONNCI128F93355A3,jazz
TREOHKX128E0781239,jazz
TRYSTNE128F146C842,jazz
TRVLOZW128F930F15C,jazz
TRXSKBR128F92E5F77,jazz
TRKDGMJ128F42883B6,jazz
TRCGPCB128F42BA5D2,jazz
TRICTIF12903CD8134,jazz
TROAIAB128F931B43A,jazz
TRFHPFR12903D03FEF,jazz
TRTAJHR128F427C203,jazz
TRHJOZY12903CB1A1C,jazz
TRHGYQQ128F92E2272,jazz
TRGZSPR128F42771F9,jazz
TRLVJOB128E078B97F,jazz
TRUEGDS12903CD4152,jazz
TRVAYTB128F4263BC3,jazz
TREOTCZ128F92E6E4F,jazz
TRLJILT128F9337102,jazz
TRRUUQJ128F1473ADF,jazz
TRPQGLP128F42BA5AE,jazz
TRMQUMA128F422B6B8,jazz
TRPGNKX12903C9E40F,jazz
TRNJHKE128F1461DD2,jazz
TRHPNYZ12903CBC987,jazz
TRKSKAH128F42957F4,jazz
TROOTIK128F92FDE2A,jazz
TRDPWQP128F42AF641,jazz
TRDRMPY128F42BC8C8,jazz
TRDOBLF128F42938EC,jazz
TRZRDDD128F4236EB1,jazz
TRAZBYL12903CD8951,jazz
TRMPYTL128F428FFA7,jazz
TRPITSC128F92E27C0,jazz
TRJQXME128F92E6E0D,jazz
TRKEHNP128F145E1A5,jazz
TRXESSH128F4294092,jazz
TRTDYNE128F93139BB,jazz
TRCHHIC128F422B9CC,jazz
TRHKWTJ128F4263175,jazz
TRZGKFM128F425AE73,jazz
TRVSAEQ12903CC91C2,jazz
TRLODQC128F42BA9CF,jazz
TRFRJXW12903CDC70F,jazz
TRJYOIY128F9316163,jazz
TRQNZUJ128F92FE4DC,jazz
TRUNROA128F4215CCC,jazz
TRUNSXQ128E078B97D,jazz
TRVLHLR128F14990E9,jazz
TRTPZBX128F428BBB5,jazz
TRDIUAM128F423C91B,jazz
TRCBFKV12903CDA884,jazz
TRIUAYS128F428C631,jazz
TRSHEJU12903CA0EAD,jazz
TRCPIQI128F1496265,jazz
TRDXREY128F9303F53,jazz
TRQVOSP128F92E6E65,jazz
TRBZFDK128EF35A246,jazz
TRBWFMZ128F92E6E79,jazz
TRRVAHQ128F9341F16,jazz
TRBDMIN128F147FCBB,jazz
TRACSLD128F423F326,jazz
TRSHFCJ128F92E9520,jazz
TRBQFEC128F92F3FAB,jazz
TRJSICV12903CD7A1C,jazz
TRLICQB128F92CAB33,jazz
TRTJPEQ128F42B326B,jazz
TREMLZF128F92E0427,jazz
TRVMUMY128F933D053,jazz
TRVPSQM12903CE8E2B,jazz
TRQKWHN128F930C4C6,jazz
TRCRIOH12903CF4508,jazz
TRZNTVQ128F4265B9F,jazz
TRHTDNM12903CD211A,jazz
TRIMKIC128F4271EA8,jazz
TRREOXL128F1487233,jazz
TRLBCCY128F146EEF3,jazz
TRJPAYT128F933B284,jazz
TRBRRBJ128F426B28F,jazz
TRGDWJM128F932C6D8,jazz
TRBPCYT128F4228986,jazz
TRGDFRB12903CE2458,jazz
TRZLQLT128F92E7CB0,jazz
TRKHZYL128F145A491,jazz
TRVCHAD128F92F68D2,blues
TRQREOU12903CFA4D8,blues
TRVHPDQ128F4292171,blues
TRVSCAE128F92F5DE2,blues
TRSDDGM128F14A421D,blues
TRBKGDE12903CD38D2,blues
TRXYWGQ12903CB364E,blues
TRUGRLO128F92EC6F0,blues
TRBGPJP128E078ED20,blues
TRCKXDA128F422B936,blues
TRDRFEV128F429E604,blues
TRCZWYA128F427497D,blues
TROUHQK128F92EA127,blues
TRYNZAL128F1464B5A,blues
TRYGFXK128F428C259,blues
TRXBHSM128F934F9E8,blues
TRXIOUQ128F4269099,blues
TRQFRMI128F92C6876,blues
TRWJDOJ128F14972B7,blues
TRJLPRH128F427265B,blues
TRIZYVC128F92C80E1,blues
TRTYJKM128F42644E8,blues
TRWMXXE128F9308634,blues
TREWLKP128E078ED1F,blues
TRBFELB128F426BFF2,blues
TRBSSGD128F92DF263,blues
TRVRYCJ128F42BA53C,blues
TRFENIX128F930F08B,blues
TRIAHHC128F1487D2C,blues
TRTAFYS128F14A51CF,blues
TRLVKSL128F4241B19,blues
TRYZUSO128F42BA4E2,blues
TRUXPBZ128F1492149,blues
TRXUKOO128E078EE30,blues
TRKJBHI128F427A724,blues
TRNZCKD128EF34942B,blues
TRYNZSX128F92C64B7,blues
TRYORSA12903CC84F2,blues
TRWMZOQ12903CC16CB,blues
TRFFHIC128F9327E8E,blues
TRCBJZD128F9302B2A,blues
TRDBBMB128F427C53B,blues
TRNQPIB128E078724C,blues
TRYKBUM128F92FA75F,blues
TRVUWSK128E078EE37,blues
TRRMLFR128F14940D9,blues
TRFLBNN128E078ED1B,blues
TRXZCBQ128F425FD9C,blues
TRXSTAI128F14610C9,blues
TRXYAHQ128F9340B26,blues
TRXIHKT128F42229DD,blues
TRZDLFU128F14557D8,blues
TRAYOPU128F1464B52,blues
TRAQPKV128E078EE32,blues
TRDTUVA128F4298988,blues
TRANJGV128F930818A,blues
TRHXDWB128E0792E31,blues
TRHUSFX128E07858DD,blues
TRAYPJY128F4277962,blues
TRMQYCF128F9302B23,blues
TRVBPNC12903CE1EA0,blues
TRSVVUR128F4293036,blues
TRRJHYJ128F148D7FD,blues
TRNZRYI128F4267F74,blues
TRWVZOH128F424A184,blues
TRGWHNY12903CF5E59,blues
TRLUFYA128E078ECE3,blues
TRPWAEU128E0793D18,blues
TRVOQJY128F42989CA,blues
TRBOZKU128F932B9F6,blues
TRHCMCR128F42800A4,blues
TRGFUVB128F42374E1,blues
TRAPBPG128F1458366,blues
TRMFLQB12903CE56C2,blues
TRSKATR128F4252499,blues
TRGJUQY12903CF4754,blues
TRFMXOZ128F9311DAC,blues
TRRIZJV128F92F3F44,blues
TRTHYJC128F425A03E,blues
TRPVRFI128F4249877,blues
TRDDBHG128F4267F62,blues
TRGVHKP128F427A4D9,blues
TRPRUYX128E0781234,blues
TRZWSFX128F148D7FA,blues
TRSPOUV12903CDFA83,blues
TRJJIEQ128F1455F0F,blues
TRJWHST128F4289AB8,blues
TROIESH128F422EEA3,blues
TRMEFWJ128F9327E89,blues
TRWCYWX12903CE0468,blues
TRIDZST128E079433E,blues
TRQELFB12903CB0D54,blues
TRFHLVY128E0794352,blues
TRFXUCW128E078EDA0,blues
TRFCNIJ128F423F32E,blues
TRWVPKS12903CD1EFD,blues
TRKOPIZ128F14930EC,blues
TRZZHVH12903CC0B30,blues
TRMHKBT128F932478F,blues
TRVIIBN128F148C6F6,blues
TRWPACR12903CE2A78,blues
TRKUJXY128F4270F37,blues
TRRXQAW128F4298946,blues
TRHBVON128F93311F6,blues
TRUBSOP128F1489DCF,blues
TRONSRD128F145E0CF,blues
TRMASKO128F4287F3C,blues
TRGIVOZ128F1468FA9,blues
TRATYUK128F932A6F7,blues
TRZRLJP12903CC19DD,blues
TRGIHPP128F4234F1E,blues
TRCQYDR128F92C64AC,blues
TRPXNAY128F42604B4,blues
TRPPDIA128F42568ED,blues
TRQWNMO12903CC519B,blues
TRXRONA128F9328008,blues
TRRXGIK128F92D5C3B,blues
TRWIWMY128F92E2E3E,blues
TRDNALN128F42698B4,blues
TRFYYLA128F931269A,blues
TRPEPEX12903CE0ABD,blues
TRGSBUY128F93233BE,blues
TROBNTT128F427148F,blues
TRUJISG12903CC50C3,blues
TRJEIKC128F145E71F,blues
TRZLVGQ12903CD1E52,blues
TRQXDAN12903CE2A7B,blues
TRRWGJY128F1495EE9,blues
TRYMEPM128F4270B01,blues
TRUGFZM12903CC04E3,blues
TRNHJAD12903CEC647,blues
TRXFOLO12903CB0D1A,blues
TRZGQRG12903CD524E,blues
TRALGCA128E078EC5F,blues
TRHIVDZ128F14557CF,blues
TRFAFKF128F92C64AB,blues
TRUMNHT128F14641A9,blues
TRRMMOX128F93123D0,blues
TRBQHJT128F4269870,blues
TRIWIGA128F146EEF4,blues
TRBPBCU128F92D19FD,blues
TRHKRKS128EF34426F,blues
TRMXKVJ128F1484E1B,blues
TREDHFN128F4263F07,blues
TRWHNRI128F92D5D33,blues
TRSUOQK12903CCBB12,blues
TRSLLTT128F426BF51,blues
TRLTMMW128F148D809,blues
TRRJLZB128F4294061,blues
TRAWTPJ128EF345697,blues
TRLLEUB128F14712B7,blues
TRKSLSS128F145A847,blues
TRKZCCT12903CA9F0E,blues
TRXDGQV128F423C0E0,blues
TRRQOZG128F92E2634,blues
TRWIYFM128E078EDAE,blues
TRQHQBQ128F92E2CEB,blues
TRPQWZP128F4277861,blues
TRXIXTG128F92E6E0F,blues
TRZCEYY128F931BD8F,blues
TREABTP128F424B802,blues
TRRGBTU128E078B046,blues
TRSGEQI12903CB23EA,blues
TRCQYQH128F42ADD8B,blues
TRJLYSB128F9327ECD,blues
TRASAGB128F4258FEA,blues
TRTNJHH128F932A4DC,blues
TREGJIV128F42989EC,blues
TRVJIWW12903CB1233,blues
TRZUMHS128F9320F76,blues
TRTQDPZ128F4298936,blues
TRFHYOH128F9358CEF,blues
TRLXHMN128F145D6EE,blues
TRRBDBT12903CA5649,blues
TRSCLWP12903C9DF88,blues
TRZGPXE128F9306E2E,blues
TRXQHNR128F92C64D8,blues
TRXGEOD128F9310F1B,blues
TRGEGUH12903CD7560,blues
TRSQCFE128F9337C02,blues
TRYVMNJ128F92FFBEA,blues
TRTRIHR128F1469DAA,blues
TRBTPHG128F425A3C6,blues
TRXZOUP128F92E8D69,blues
TRCMQTB128F422B69B,blues
TRGQAZT128F149C67E,blues
TRWKTWA128F42776FE,blues
TRADTYX128F9310F00,blues
TRNUDSG128F149F1F2,blues
TRPLVYN128E078F584,blues
TRCQIZS128F423C4ED,blues
TREPIMX128F148833C,blues
TRSMXYU128F426003E,blues
TRCJZZU12903CDC649,blues
TRIWQOG128F428BB93,blues
TRZSBOE128F147C87B,blues
TRHVLQV128F4289642,blues
TREBNEA128F4286897,blues
TRYKSAB128F145D6F5,blues
TREIELE128F4227E34,blues
TRENHWK128E078ED26,blues
TRTAGKF12903CC80E3,blues
TRDCRYX128F4259DD7,blues
TRWWELB12903CFA4CB,blues
TRZTKUD128F933A36E,blues
TRIGBPX128F14634F7,blues
TRKMKCQ128F9349180,blues
TRHESUJ128F92F57BB,blues
TRBUCIY128F422B984,blues
TRPEOEU128F931DE86,blues
TRMFBUY12903CCE712,blues
TRXVYZG128F92E8D61,blues
TRSQJCX128F92EB51C,blues
TRJSRUH128F92E5A6F,blues
TRHSZMH128F42719F4,blues
TRFVPDS128F92F10F3,blues
TRQPWTF128F42AC76F,blues
TROEHUL128F145D6F3,blues
TRDYLVO12903CBA760,blues
TRRZDAU128F1472584,blues
TRNYEKH128E078F675,blues
TRBHUEW128F42BB8FA,blues
TRQGJPU128F1484EF8,blues
TRZINCP128F4233625,blues
TREUSRI128F92C64DB,blues
TRGSXWW128F42AC0EF,blues
TRHXCPX128F4292149,blues
TRQLXQW128F1456F77,blues
TRZDIRH128E07923FB,blues
TRHGDIF128F92C64AE,blues
TRANIRV128E078EDE8,blues
TRZDSIO128F42868A8,blues
TRBUKHR128F428EA68,blues
TRISWGV128F14930EB,blues
TRTEEXF128F92E26B6,blues
TRLYTVK128F145D6F2,blues
TRBXBFO128E078EB3F,blues
TRFBSUK128F1484EE7,blues
TRHTCQI128F42143FB,blues
TRFAHQQ128E0781D41,blues
TRMABKI128F14668D7,blues
TRGSCEC128F93368E9,blues
TRAZDPO128E078ECE6,blues
TRKWDZM128F4282621,blues
TRIUCYD128E0794362,blues
TRZLAXO128E078EC5E,blues
TRNNTRA128F1487D2B,blues
TRDEQFN12903CFA4D5,blues
TRCMRNV128F42149CF,blues
TRAQZXS128F4233C7C,blues
TRJTDZJ128F42BCD0A,blues
TREOGQK128F429216B,blues
TRCXAZB128F932C374,blues
TRZDOLP128F92C2E51,blues
TRFVOYK128F428BB77,blues
TRGSVLV128F1493329,blues
TRXOLQS128F932D1F3,blues
TRTPFSS128F4263172,blues
TREBUTR128F427DAF6,blues
TRLMOHJ128F42989B0,blues
TRNNWSV128F145D438,blues
TRLQCZT12903CFA4CF,blues
TRQRWQV128F4271A8C,blues
TRXRPEU128F425A041,blues
TRVYISV128F4260A67,blues
TRWXCEJ128F14A465A,blues
TRXJVXK128F427D74B,blues
TRDFCPJ128F4280A90,blues
TRPLWAT128F4277121,blues
TRDCXST128F931599D,blues
TRYCTHW128EF344269,blues
TRUSNZV128E0791A70,blues
TRXTTYB128F1499E2C,blues
TRSFCVQ128F148C6FB,blues
TRJWUDC128E078E07F,blues
TRMMSSG128F92C6877,blues
TRLMFRB128E078E1FA,blues
TRACXXJ128F426A02A,blues
TRCATSE128F9324EEB,blues
TRYELNZ128F92D0221,blues
TRHAUML128F429897F,blues
TRAUYAB128F4282D05,blues
TRCSWQR128F146292C,blues
TRLOHNY128F4292262,blues
TRBQRTN128E078E78E,blues
TRGBTRN128F92E26B3,blues
TRBCZTN128F4241B28,blues
TRZNFJS128F14947B1,blues
TRJHIKI128F42539D8,blues
TRCUGLK128F9328653,blues
TRXWDFM12903CA4461,blues
TRAARCW12903CEB779,blues
TRWOLNW128EF350D01,blues
TRHAIFH128F93239B1,blues
TRXBADZ128F92D1A03,blues
TRQPEVG128F427A4D0,blues
TRLEHCG128E0781609,blues
TRRXBKR128F9359DFA,blues
TRIYQWZ128F932A307,blues
TRIZRZS128E078E1F8,blues
TRQHJAK128F428F2D0,blues
TRVVFKZ128F4231308,blues
TRLBPLO128E078987F,blues
TRKYOVQ128F4298956,blues
TREULXO128E0791A7F,blues
TRBCLHR128F4260A51,blues
TRYJVBN128E0781232,blues
TRBQURA128F9310FC2,blues
TRSIEVY128E0792E11,blues
TRHDAVF128E078EC5A,blues
TRBSSFA12903CAE750,blues
TRCYXEZ128F4296AC3,blues
TRSIKMA128F9336C3F,blues
TRGDXTK128F14584C1,blues
TROWMWK128EF3409C2,blues
TRJZUOZ128F4292F18,blues
TRIEAFF128F92E3C10,blues
TRBMAOO128F9327ECB,blues
TRVKIOB128EF34374D,blues
TRVYICQ128F4252493,blues
TRMOAOJ128F92DF888,blues
TRMMFIS128E078EDEA,blues
TROEVOE128F9359DF2,blues
TRQOYYK128F9327EC4,blues
TRQFRTQ128F931C657,blues
TRDGVAY128F1468FAB,blues
TRVKLEY128F427148A,blues
TRAYEGN128F9361233,blues
TRWRZBX128E0793D12,blues
TROGNMU128F145ACB8,blues
TRMITEP128F42AC730,blues
TRDGUTP128F42989B6,blues
TRAAEEH128E0795DFE,blues
TRHFROS128F4298A12,blues
TRRPZGA128F14911E3,blues
TRXLELS128F42A9915,blues
TRIWAFG128F429E96F,blues
TRMRQXB12903CE2A76,blues
TRNTKMT128F42693CF,blues
TRHDUMF128F14590D1,blues
TRUURUQ128E07990A3,blues
TRTELEW128F930DD93,blues
TRFTNJT128F429C4C7,blues
TRDXGMC128F1464472,blues
TRZRBKS128F426A65D,blues
TROOQSD128F4289971,blues
TRDQMYI128F4259DDC,blues
TRJIUAM12903D074EE,blues
TRTVBIG128F9306B49,blues
TRXKJYD128F4277865,blues
TRLYWFY128F4284836,blues
TRXUNYS128E078EE3D,blues
TRTYYAT128F145D6EF,blues
TRUQCIW128F92D1ACE,blues
TRRGJNU128F92F42BF,blues
TRAGAPY128F92F5DDE,blues
TRSVKNR128F4235AEB,blues
TREEXXZ128F422B94B,blues
TRDUEYE128F4263173,blues
TRDZNDM128F425A053,blues
TRMQHRC128F4275FF8,blues
TRAQRWY12903CE26D8,blues
TRQFDYM128F146B5E0,blues
TRWNUSF128F145D44F,blues
TRHGWHM128F422B6B3,blues
TRQOBYO128F4267F80,blues
TRYQAPI128F428AE75,blues
TRJGXVT128E078EDF0,blues
TRHYGVQ12903D046A9,blues
TRWBRQF128F92C64D6,blues
TRUXROZ128F145A612,blues
TREWPTU128F4233620,blues
TRICWAP128F42988B7,blues
TRGQFAB128F4259E7C,blues
TRABHTY12903CCE195,blues
TREACCG128F42989AC,blues
TRYHSIN128F4277927,blues
TRGUKPU128F425A04A,blues
TRJRYWB128F4236C75,blues
TRHWANA128F93173FC,blues
TRACTES128F427AD28,blues
TRLQLLH128F1496080,blues
TROCLTL12903CF47BA,blues
TRTBXAG128F1484C94,blues
TREMJQZ128F4267298,blues
TRTOHIY128F146514D,blues
TRAVUAJ128E078EDA2,blues
TRYLWBA12903CC53A3,blues
TRHAVVH12903D09807,blues
TRFRQFZ128F423C4FA,blues
TRAZFIJ128F42778AF,blues
TRNQFWE128F424D94B,blues
TRPMKVC128F423F328,blues
TRIFUIT128F92DF580,blues
TRCGDMR128F4275DC2,blues
TRFWATN128E07990A8,blues
TRRMPQT128F14A4547,blues
TRTONIR128F4240E16,blues
TRHPSGA128F92E732F,blues
TRKAEAD128F42647AB,blues
TRITYRV128F425A042,blues
TRBRZKC128E0792B6B,blues
TRJIMZH128F92D1A92,blues
TRSXTRQ128F4296AD7,blues
TREKFNF128F425A033,blues
TRESBJX128F4262534,blues
TRDEEWG128F148C6F9,blues
TRCSOBH128F42849F4,blues
TRJIRDO12903CA726C,blues
TRIXAED12903CF1FA7,blues
TRIORAK128F145A4F1,blues
TRFXKHS128F4287E4D,blues
TRVRHDI128F9318635,blues
TRKDTLV128F4266ED0,blues
TRAFZAM128F426E915,blues
TRSLAOT128F92C2E46,blues
TRMQAOF128F4275EFA,blues
TRTPQHQ128F92E6E1A,blues
TRZAKBW128F42AF727,blues
TRLLWGJ128F429E9F6,blues
TRWQULL128F428385D,blues
TRHEJGW128F1456F6F,blues
TRBYJUR128F1484EDE,blues
TRGPTPB128F92F64D7,blues
TRFRXGD128F42717FF,blues
TRBLNQK128F42149CC,blues
TRWCIAX128F42925BD,blues
TRIMJQY128F9322A5A,blues
TRVEBNM128F147B6B9,blues
TRHXNCS128C719654F,blues
TRFKBGQ12903CA1463,blues
TRVEKBA128F9305BC6,blues
TRKKJQV128F428B25B,blues
TRCKSZR128F4260A6A,blues
TRJOJIX128F148B5F0,blues
TRLYZGC128F931BA50,blues
TRBCORE12903CD6FA0,blues
TRXFCDS12903CDDE50,blues
TRNPYTR128F147B4BE,blues
TROZOEJ128F1470DFA,blues
TRKWMFB128F92C64CC,blues
TRCJEUS128F42989AE,blues
TRVUFVP128F428B63C,blues
TRUKYAT128F9301247,blues
TROENHS128F92E2B23,blues
TRBDIMI128F4227E39,blues
TRVACNV12903CE1E9A,blues
TRPPHPQ128F4258FFC,blues
TRHSELA128F145A83F,blues
TRLFTLE128F425AFBD,blues
TRQZRUS128F145D6F9,blues
TRLOPPO128F9327EAF,blues
TRONNCI128F93355A3,blues
TRBZXHP128F427D0E5,blues
TRGPXMI12903CC9AEB,blues
TRXPVCO128F1492151,blues
TREOHKX128E0781239,blues
TRBOEFO128F92FC62E,blues
TRLNETB128F429215B,blues
TRICTIF12903CD8134,blues
TROAIAB128F931B43A,blues
TRFHPFR12903D03FEF,blues
TRGOYPW128E0792E37,blues
TRHJOZY12903CB1A1C,blues
TRSJWTL128E0794342,blues
TRYTZRS128F92E05D0,blues
TRAEMNZ128F9334662,blues
TRJBYTB128F42969D8,blues
TRGBNLX12903CCE1A5,blues
TROQSMH128F148BE74,blues
TRCPNJP12903CCFAA9,blues
TRAPULX12903CDE273,blues
TREBNCH128F149F1E5,blues
TRMQUMA128F422B6B8,blues
TRODLDU128F9352E30,blues
TRFALES128F933B085,blues
TREWXBS128F42AC713,blues
TRVQZHA128F423C0E3,blues
TRMDEZV128F932FBD0,blues
TRJBCFM128F9327EA7,blues
TRRJOCP128F92ED2D1,blues
TRJYSYF128F145A4F5,blues
TRUUSUF128E0792ED7,blues
TRAZBYL12903CD8951,blues
TRPSENF128F145845E,blues
TRNVSOB128F427149B,blues
TRMPYTL128F428FFA7,blues
TRFWBWA128F429BFE8,blues
TRHEOJO128F42597F9,blues
TRXESSH128F4294092,blues
TRTDYNE128F93139BB,blues
TRVYVTO128F92E3C15,blues
TRUVQOP128F425A050,blues
TRGTRFK128F428E6B9,blues
TRHKWTJ128F4263175,blues
TRPTAAH128F9335255,blues
TRFRJXW12903CDC70F,blues
TROQBPO128F1484EDC,blues
TREOCMX128F147C7EE,blues
TRJYOIY128F9316163,blues
TRFYRSS128F147B852,blues
TRMKXTC128E078EAE0,blues
TRGUIHT128F933116F,blues
TRUKTEP128F92E2B1B,blues
TRVLHLR128F14990E9,blues
TRALJJK12903C950D2,blues
TRHCGUO12903CB28D7,blues
TRPPNEK128F425C220,blues
TRTPZBX128F428BBB5,blues
TRQCVJA128F92E2E19,blues
TRKOWWH128F14A465B,blues
TRCBFKV12903CDA884,blues
TRENYRF128F931688E,blues
TRIUAYS128F428C631,blues
TRUZIGS128E078EDF4,blues
TRJMNUN128EF33FABD,blues
TRJKWZE12903C9DF7B,blues
TRGHJRM128F4298A16,blues
TRGKGAA128F147706C,blues
TRSFDFI128F4271490,blues
TRXBGUS128F4274B33,blues
TRTRVRO128F4298944,blues
TRACSLD128F423F326,blues
TRVOEHZ128E078EB00,blues
TREUDCA128F14590D3,blues
TRHKILX128E0793D16,blues
TRGRGFI128F423C06A,blues
TRIOWCD128E0782EEF,blues
TRFLNKF128F92FD8F5,blues
TRJSICV12903CD7A1C,blues
TRBURIA128F4260AC0,blues
TRAUQVM128F92C30DE,blues
TRJIGBP128F4292163,blues
TRVPSQM12903CE8E2B,blues
TRYUEKK128F4263A81,blues
TRXIKKY128F14832EB,blues
TRZNTVQ128F4265B9F,blues
TRBTONT128F4292157,blues
TRFKCRV128F425A034,blues
TRLBCCY128F146EEF3,blues
TRDFYTM128F4295F2A,blues
TRSSESO128F148F964,blues
TRKYUZC128F14A465E,blues
TRWTCFP128F145B02E,blues
TRRTSXU128F429C62E,funk
TRTDEZB128F427018C,funk
TRQFHSL128F4278727,funk
TRTKZES128F92E2A49,funk
TRNGGLG12903D053C9,funk
TRAJTZA128F92EDC0A,funk
TRAOOLD128F92F9DC1,funk
TRJJWIO128F424D61E,funk
TRCFWIL128F92EDBEB,funk
TRPPZXC12903D067C9,funk
TRBCHRT128F42987A9,funk
TRUUDBS128EF34456C,funk
TRXNQHQ128F930B405,funk
TROQDET128F42B8075,funk
TRAXHUX128F42A5DE3,funk
TRWRDVC128F92F5F39,funk
TRRVIWQ128F423CB76,funk
TRRRNKD12903CB3410,funk
TRNHGZJ128F42799B8,funk
TRCMIEN128F92F158C,funk
TRMWEOC128F9322C97,funk
TROXMVV128F92E47A0,funk
TRABYQX128F427CF08,funk
TRKOBCF12903CD0A6C,funk
TRLAKFT128F427FF44,funk
TRLLWGJ128F429E9F6,funk
TRQYQHK128F429D26C,funk
TRBHFWA128F146A21B,funk
TRYHPRR128F427DB50,funk
TRCEEES128F92CFF51,funk
TRNGEPG128F423851E,funk
TRCLRVP128F429D233,funk
TRFDPCR128F422B88F,funk
TRDXVMS128F4263EE0,funk
TRIAJRU12903D067C0,funk
TRODOYG128F4266B88,funk
TRAMNNN128F42BBA86,funk
TRDCREK128F425985C,funk
TRMDAKG128F14744CB,funk
TRTJPUZ128F4269A44,funk
TRYYEAE128E0799121,funk
TRBAMXF128F1470AD6,funk
TRBSSGD128F92DF263,funk
TRQRCBM128F14640C5,funk
TRCZGBG128F4222F61,funk
TRSIUPJ128F426FFD7,funk
TRKEOKC12903CE7554,funk
TRBOFBQ128F92DF676,funk
TRWQQJK128F1495E02,funk
TRBTUCH128F4262C64,funk
TRESEOV128F427A061,funk
TRTXSVR128F426A371,funk
TRDZOWI128E07877F3,funk
TRLPCFO128F426472D,funk
TRKKQGM128F93351C3,funk
TRHIWQY128F429D267,funk
TRMMMQN128F4238509,funk
TRPJQRF128F429C5F7,funk
TRITWYP128F146D73E,funk
TRFXAKS128F42800B0,funk
TRPBFWT128F92F7F1E,funk
TRENQZF128F425B988,funk
TRNIXCZ128F146D76C,funk
TRNQJMT128EF344579,funk
TRVXJBQ128F4266040,funk
TRXKOUK128F92F387D,funk
TRPGQLI128F4292BFA,funk
TRFHPFR12903D03FEF,funk
TRBYQPI12903D053C5,funk
TRXAAMX128F42843C0,funk
TRMEMIX128F42807B8,funk
TRHJLPW128F9305281,funk
TRQCVQX128F4265DDC,funk
TRDHECY12903CED1A6,funk
TREOTCZ128F92E6E4F,funk
TRHYWGC128F426A369,funk
TRTAJQJ12903CED1B7,funk
TRGWHNY12903CF5E59,funk
TRDENKU128F427AE7F,funk
TREEZOR128F146A21E,funk
TRBAUKY128F9326DB2,funk
TRQSUGF128F147751A,funk
TRBOMMX128F426593B,funk
TRKQWMI128E0795218,funk
TRHTBSW128F93161FA,funk
TRWNJYK128F428ADEC,funk
TROYQUG128F146D754,funk
TRIOLVM128F4260E2F,funk
TRWAXQF12903D053C4,funk
TRDRMPY128F42BC8C8,funk
TRQXTRA128F42800AB,funk
TRXGATG128F9322848,funk
TRFHZFR128E07953C2,funk
TRMCUTS128F1495E17,funk
TRCUEPI128F4278E10,funk
TRIWAFG128F429E96F,funk
TRHPTYQ128F14A58EB,funk
TRJQXME128F92E6E0D,funk
TRXICOZ12903CB340C,funk
TRAIQNF128F428386A,funk
TRCDGGE128F42AEF0A,funk
TRECRGP128F1470AC7,funk
TRZGKFM128F425AE73,funk
TRPAALV128F429D242,funk
TRWXTBU128E0798840,funk
TRPXVJJ12903CE52E8,funk
TRHEXYE128F427BD29,funk
TRTUJIC128F426A12D,funk
TRTASXP128F92CBF41,funk
TRVUYLK128F429D265,funk
TRDXXSM128E0792206,funk
TRBBAIU128F92F3FB3,funk
TRBDCXQ12903CE6DAC,funk
TROLSET128F42677FC,funk
TRQNZUJ128F92FE4DC,funk
TRDLGLP128E07877F1,funk
TRSKBUE128F146A8DD,funk
TRZTJRK128F428D2BC,funk
TRMALCY128F4284AD3,funk
TRKEPGB128F42741B1,funk
TRZTBDO128F423CB75,funk
TRDIUAM128F423C91B,funk
TRVNYSZ128E0792A2B,funk
TREQYMW128F4270A19,funk
TRHXWCM128F92E4793,funk
TRCBFKV12903CDA884,funk
TRDNPGX128F429C5F4,funk
TRFVVUV128F426EB24,funk
TRQVOSP128F92E6E65,funk
TRDZYQP128F425985D,funk
TRICWAP128F42988B7,funk
TRBTVVD128F146D742,funk
TRBWFMZ128F92E6E79,funk
TRHCJMM128F933BEED,funk
TRUZBIH128F4298798,funk
TRAFFFL128E0783CC1,funk
TRGXQPS12903C9AE3C,funk
TRKCZYQ128F426B019,funk
TRYZVGG128F146D706,funk
TRDDJAH128F930C4DB,funk
TRDGQIJ128F42BBA84,funk
TRQAPLC128F42700F0,funk
TRUBMGF128F93171A7,funk
TRDJCWJ128F92CDD98,funk
TRSDDHV128F426A370,funk
TRGGQUZ128F146A8E0,funk
TRHTDNM12903CD211A,funk
TRUGLNI128F92F004A,funk
TRJPAYT128F933B284,funk
TRVCVVR128F425AD75,funk
TRCYNHX128F429D262,funk
TRCGPNR128F425B034,funk
TRQMFUI128F4284AF6,funk
TRIPNEP128E07877F5,funk
TRDUYOJ128F146D77C,funk
TRXXOCO128F92FC81A,funk
TRTMCKN128E0793141,funk
TRQVXIY128E07943ED,funk
TRUKJWF128E078B967,funk
